sim,channel,truth,estimate,ci_low,ci_high,vif,covered
0,facebook,2.0,1.9133554009495195,1.691894562566471,2.134816239332568,1.0513770725071792,True
0,google,4.5,4.768223544431577,4.3674208691816405,5.1690262196815135,1.1352139551441225,True
0,tiktok,0.8,0.42603338633714527,-0.8930368981534105,1.745103670827701,1.0411488032541065,True
1,facebook,2.0,2.304588900117326,2.1231278043107,2.4860499959239517,1.05102616934031,False
1,google,4.5,4.578383933140589,4.002728045053324,5.154039821227855,1.1020247785219361,True
1,tiktok,0.8,-0.081096139705358,-1.6172901821796168,1.4550979027689008,1.0723529773066491,True
2,facebook,2.0,1.881275663236334,1.6226480434286574,2.139903283044011,1.119009462274212,True
2,google,4.5,4.489359203164243,4.054763861013853,4.923954545314633,1.1528136529559936,True
2,tiktok,0.8,1.3499358972736621,0.004599858012702462,2.695271936534622,1.0901329614814042,True
3,facebook,2.0,2.274586911593541,2.055220393187646,2.493953429999436,1.0827998131568592,False
3,google,4.5,5.06510314382429,4.540213663251205,5.589992624397375,1.0884581620999327,False
3,tiktok,0.8,0.5724296005898992,-1.1202873319635034,2.2651465331433016,1.0702587774942078,True
4,facebook,2.0,1.7659346434104017,1.4905343953656036,2.0413348914552,1.034542629908857,True
4,google,4.5,4.344970833107537,3.7074669657548647,4.982474700460209,1.096292495584896,True
4,tiktok,0.8,0.6703034349894392,-0.8782050835743864,2.218811953553265,1.0492775277996447,True
5,facebook,2.0,2.0271258150429734,1.8372749432118163,2.2169766868741303,1.0741441677927306,True
5,google,4.5,4.469120157668672,4.071651805387106,4.866588509950239,1.1411749822992792,True
5,tiktok,0.8,-0.018331870453096144,-1.2204867297905888,1.1838229888843965,1.0500446261088778,True
6,facebook,2.0,2.1652364324596185,1.8805845551918547,2.449888309727382,1.029136296674231,True
6,google,4.5,4.663128813469602,3.981949726553363,5.344307900385841,1.130889695424812,True
6,tiktok,0.8,1.2588642345069037,0.3699975557200088,2.1477309132937985,1.0494191463244293,True
7,facebook,2.0,2.0107793123765694,1.7765697980951494,2.2449888266579894,1.0675821820182356,True
7,google,4.5,4.628273336547323,4.215968494689839,5.040578178404808,1.141798707670299,True
7,tiktok,0.8,0.19690950094567716,-0.9842757842207053,1.3780947861120596,1.0323227753370046,True
8,facebook,2.0,2.068139213772467,1.8422034924062303,2.294074935138703,1.0545249113320772,True
8,google,4.5,4.127554474557985,3.6260077897611582,4.6291011593548115,1.1539226792571693,True
8,tiktok,0.8,0.521484451867277,-0.49950034409371025,1.5424692478282642,1.0210695285047224,True
9,facebook,2.0,2.182902022755631,1.9674563396606368,2.3983477058506253,1.057023082899856,True
9,google,4.5,4.270415597212125,3.7113958960391464,4.829435298385103,1.0930411455160884,True
9,tiktok,0.8,1.0513914615582691,-0.17996997947535331,2.2827529025918913,1.0381983756260444,True
10,facebook,2.0,1.8372763636022929,1.665414127403243,2.0091385998013425,1.0344411308715629,True
10,google,4.5,5.029044626409693,4.595510002698686,5.4625792501207,1.0524018627697969,False
10,tiktok,0.8,-0.6480695050462888,-1.654022439860218,0.3578834297676403,1.0469941829912526,False
11,facebook,2.0,1.9541536503049377,1.7240768857971602,2.184230414812715,1.0707573311306544,True
11,google,4.5,4.499976251830762,4.085488310422777,4.9144641932387465,1.1968691292095108,True
11,tiktok,0.8,1.9000574125483012,0.4969524923271411,3.3031623327694613,1.03512426916812,True
12,facebook,2.0,2.1162878207623077,1.9324624553386403,2.300113186185975,1.0251522942964044,True
12,google,4.5,4.716881750485756,4.278242039840478,5.155521461131034,1.1264710707430665,True
12,tiktok,0.8,1.4135088026765876,0.45940988302262487,2.3676077223305505,1.0597988392615065,True
13,facebook,2.0,2.0693348375642397,1.7911149238021875,2.347554751326292,1.064401312711088,True
13,google,4.5,4.609570397080724,4.189907472269734,5.029233321891713,1.1170676752713113,True
13,tiktok,0.8,1.218558019026447,0.0036306501519851597,2.433485387900909,1.0553905022952375,True
14,facebook,2.0,1.9051971771217193,1.6959411530910349,2.1144532011524038,1.0596962270772508,True
14,google,4.5,4.575497691625863,4.078933932391314,5.072061450860412,1.1287618880358943,True
14,tiktok,0.8,0.8888931320553173,-0.15149024888114337,1.929276512991778,1.040067363333535,True
15,facebook,2.0,2.1068576879065835,1.8827882175366006,2.330927158276566,1.0264748881051347,True
15,google,4.5,4.784389215629713,4.335932149783835,5.232846281475592,1.1002643190473376,True
15,tiktok,0.8,0.798807299548594,-0.5346421285061511,2.1322567276033393,1.101411644223294,True
16,facebook,2.0,2.0180655533357266,1.816856524492618,2.219274582178835,1.053533889741251,True
16,google,4.5,4.387853870726847,3.841573986618451,4.934133754835242,1.1073817275684699,True
16,tiktok,0.8,1.536749020230432,0.30578869708683776,2.767709343374026,1.0167168374232196,True
17,facebook,2.0,1.9957418606126025,1.826548122665395,2.16493559855981,1.0783209339052988,True
17,google,4.5,4.327806953691525,3.8307284984298557,4.824885408953194,1.1431778553584928,True
17,tiktok,0.8,1.0180408179644012,-0.14584003480768626,2.1819216707364886,1.0484378103636787,True
18,facebook,2.0,1.9308987319693434,1.7642695431146134,2.0975279208240734,1.0397516615005407,True
18,google,4.5,4.356236440255219,3.790092761569907,4.922380118940531,1.0730002991081786,True
18,tiktok,0.8,1.6327825457251857,0.5219345267744682,2.743630564675903,1.0280932194824517,True
19,facebook,2.0,2.0274864750068753,1.819145613052645,2.2358273369611052,1.0683944325407342,True
19,google,4.5,4.5974555978133855,4.04543036955035,5.149480826076421,1.100701898778958,True
19,tiktok,0.8,0.6433770907053775,-0.5571698160056557,1.8439239974164108,1.0999130134681139,True
20,facebook,2.0,2.2041684777477535,2.00091962849679,2.407417326998717,1.0802744217593434,False
20,google,4.5,4.471679623778486,3.868968426690256,5.074390820866715,1.0924557840701121,True
20,tiktok,0.8,0.6094748228943141,-0.48516174081452146,1.7041113866031496,1.0452924157118821,True
21,facebook,2.0,2.1111438187048606,1.8390683210537349,2.3832193163559863,1.043340881049883,True
21,google,4.5,4.3549188153438765,3.8709905421109774,4.838847088576776,1.1233692826952948,True
21,tiktok,0.8,0.707325563111552,-0.7803505571873954,2.1950016834104993,1.0719483123628732,True
22,facebook,2.0,2.004062409545936,1.7243807423567814,2.2837440767350907,1.0555223316647753,True
22,google,4.5,4.695534505040783,4.222128735241548,5.1689402748400175,1.1253488771975577,True
22,tiktok,0.8,0.4979063182168737,-0.8939872137624285,1.889799850196176,1.0159267015356588,True
23,facebook,2.0,2.13336988229892,2.0088278043903784,2.257911960207462,1.0181298127487075,False
23,google,4.5,4.5362133459357015,4.063803932774741,5.008622759096662,1.1358555214005421,True
23,tiktok,0.8,0.9025895665855255,-0.11422080792983702,1.919399941100888,1.1511920692143254,True
24,facebook,2.0,2.207433717885642,1.9318109563609478,2.4830564794103362,1.0366261977149922,True
24,google,4.5,4.747851473663241,4.1946745036914725,5.301028443635009,1.16941839005704,True
24,tiktok,0.8,1.4374183611892528,-0.27496678377999606,3.1498035061585017,1.0349815984007467,True
25,facebook,2.0,1.6694663345626855,1.4941404629710857,1.8447922061542852,1.0260363365329788,False
25,google,4.5,4.218314712635997,3.759689972423615,4.676939452848379,1.1018264127796513,True
25,tiktok,0.8,0.3288590715509142,-0.8076528997141942,1.4653710428160225,1.0520963246880863,True
26,facebook,2.0,1.7521945403929453,1.4695182847904114,2.034870795995479,1.0729930238649927,True
26,google,4.5,4.826816205203426,4.335506886576989,5.318125523829862,1.1289329895385602,True
26,tiktok,0.8,0.6311434694843072,-0.5613237917091367,1.8236107306777511,1.0472756460101922,True
27,facebook,2.0,2.0075108459717126,1.8122503697118093,2.202771322231616,1.0359420848383105,True
27,google,4.5,4.376182484958146,3.7304092676045575,5.021955702311733,1.1695122197221393,True
27,tiktok,0.8,-0.18968909029914727,-1.1395597473759764,0.7601815667776819,1.0275840330636046,False
28,facebook,2.0,1.8725397349611064,1.655551756319538,2.0895277136026746,1.097530304675084,True
28,google,4.5,4.621006028300459,4.071685580087908,5.170326476513011,1.2085944928733765,True
28,tiktok,0.8,1.6970099004527706,0.6078077787250251,2.786212022180516,1.052534736729479,True
29,facebook,2.0,1.8878158251048516,1.6450424606072127,2.1305891896024907,1.0666451976027023,True
29,google,4.5,4.558226178966894,4.072291523719521,5.044160834214267,1.0627060654603198,True
29,tiktok,0.8,1.3931767499870604,0.15753517574071418,2.6288183242334067,1.0496781671687692,True
30,facebook,2.0,1.8910513292961826,1.6999797289576215,2.0821229296347434,1.084790831316711,True
30,google,4.5,4.238570752252198,3.7300829516468164,4.747058552857579,1.1064201076246993,True
30,tiktok,0.8,0.6226657701530272,-0.6118918787799985,1.8572234190860528,1.0628436310646845,True
31,facebook,2.0,2.050747621983322,1.7875349540748329,2.3139602898918112,1.0647967880171223,True
31,google,4.5,4.586529717583807,4.0957444637256115,5.077314971442003,1.1539313464107364,True
31,tiktok,0.8,0.5625586023074982,-0.46544059974285945,1.5905578043578559,1.07458058581853,True
32,facebook,2.0,1.7900607214953244,1.5162752667983872,2.0638461761922615,1.0504719964717641,True
32,google,4.5,4.470998577552519,3.9234585588652204,5.018538596239819,1.1034751714149411,True
32,tiktok,0.8,1.2540014407451459,0.0946261204252874,2.4133767610650043,1.0412542225991734,True
33,facebook,2.0,1.9828971016191126,1.756172306695311,2.209621896542914,1.0401338813319292,True
33,google,4.5,4.1460027396953745,3.51562335550399,4.776382123886759,1.1439853957416812,True
33,tiktok,0.8,0.6309498791790293,-0.5243605497882229,1.7862603081462816,1.078649036349897,True
34,facebook,2.0,1.896063703501837,1.7430340242461515,2.0490933827575226,1.0412227620009964,True
34,google,4.5,4.553054431251004,3.9261233020242408,5.179985560477768,1.1045738301409795,True
34,tiktok,0.8,0.72578288015852,-0.7222359179644606,2.1738016782815004,1.051524795871916,True
35,facebook,2.0,1.7107995065257806,1.4886340284271458,1.9329649846244155,1.0486356145613207,False
35,google,4.5,4.6626301890232416,4.266527384677626,5.058732993368857,1.1113466431477257,True
35,tiktok,0.8,0.6044735106579191,-0.41663043989758286,1.625577461213421,1.0808802108428175,True
36,facebook,2.0,1.9570291509947797,1.7349246283542934,2.179133673635266,1.0716884945192642,True
36,google,4.5,4.583559065438138,4.116569772121941,5.050548358754335,1.0853663695394762,True
36,tiktok,0.8,0.6042237152825081,-0.5229713339649298,1.731418764529946,1.07298411591642,True
37,facebook,2.0,2.064112123352309,1.863297202734316,2.264927043970302,1.0428988711026752,True
37,google,4.5,4.585251720478324,4.185667826680386,4.984835614276261,1.1661606134201896,True
37,tiktok,0.8,0.8460252985662657,-0.3008522850230775,1.992902882155609,1.0258978635603406,True
38,facebook,2.0,1.8024718503306922,1.5097300475551663,2.095213653106218,1.0369743518697785,True
38,google,4.5,4.47773194104007,4.037118899801396,4.918344982278745,1.1098358566629443,True
38,tiktok,0.8,0.502495443508054,-0.7475387457489013,1.7525296327650093,1.0689441690781145,True
39,facebook,2.0,1.9014348441828623,1.6752781624257602,2.1275915259399647,1.046659351262869,True
39,google,4.5,4.637616781508575,4.121027792236939,5.1542057707802105,1.0770492244176786,True
39,tiktok,0.8,0.7381074955622591,-0.5166120205062996,1.9928270116308178,1.0698746692894845,True
40,facebook,2.0,2.018721968344988,1.7924139360254416,2.245030000664534,1.0522569080157238,True
40,google,4.5,3.952666427362691,3.3197552065828457,4.585577648142536,1.101193059043921,True
40,tiktok,0.8,0.8819663673803544,-0.1132964846591139,1.8772292194198226,1.0741067036990566,True
41,facebook,2.0,2.001436634390583,1.742508879002034,2.2603643897791326,1.0867360448095407,True
41,google,4.5,4.462343452713842,3.834015126487956,5.090671778939728,1.126063937023569,True
41,tiktok,0.8,0.4826244095194805,-0.734321963338771,1.699570782377732,1.0668411942471105,True
42,facebook,2.0,2.0426397003837455,1.867328010953484,2.217951389814007,1.0668360120946538,True
42,google,4.5,4.109004361754414,3.507543147944351,4.710465575564476,1.1315151964214887,True
42,tiktok,0.8,1.6144151335799397,0.4353912398398305,2.7934390273200487,1.0715407331308622,True
43,facebook,2.0,2.1041387972217955,1.951402772551679,2.256874821891912,1.0769958208635686,True
43,google,4.5,4.227048791842917,3.8326121895326994,4.621485394153136,1.1258512823224325,True
43,tiktok,0.8,0.17099303494673723,-0.8981744576435367,1.2401605275370111,1.067965251875354,True
44,facebook,2.0,1.85720184453241,1.675880013310832,2.0385236757539884,1.0621240757407822,True
44,google,4.5,5.014431851318107,4.582987140812664,5.44587656182355,1.093812960903496,False
44,tiktok,0.8,1.1548278880358498,0.08687656194502869,2.222779214126671,1.0515398686941424,True
45,facebook,2.0,2.0048481700209257,1.8139739575597136,2.195722382482138,1.0567575048535418,True
45,google,4.5,4.278292515065198,3.803646844800993,4.752938185329403,1.156081122544336,True
45,tiktok,0.8,0.143105343740217,-0.8483825924785524,1.1345932799589864,1.1165679399204824,True
46,facebook,2.0,2.136294859236282,1.8925326280496977,2.3800570904228664,1.0379762970507131,True
46,google,4.5,4.450811150289629,4.064521294281033,4.837101006298224,1.168423460944219,True
46,tiktok,0.8,1.2695798185478147,0.0811624078005142,2.457997229295115,1.0146059923397979,True
47,facebook,2.0,2.089238967310644,1.8582197643256781,2.3202581702956095,1.0658031931432441,True
47,google,4.5,4.476699041392399,4.130647311203685,4.822750771581113,1.1399454943699618,True
47,tiktok,0.8,1.5535072705979784,0.2678552547380253,2.8391592864579316,1.022682546274988,True
48,facebook,2.0,2.1967601263032566,1.8446671369046155,2.5488531157018977,1.049825313695017,True
48,google,4.5,4.796346865119515,4.327934246947853,5.2647594832911775,1.206619568577698,True
48,tiktok,0.8,0.5826384305794683,-0.6601466269832339,1.8254234881421705,1.0365102156391004,True
49,facebook,2.0,2.1325902886687085,1.9422782302701453,2.322902347067272,1.0380145680140354,True
49,google,4.5,4.45381811735974,4.124904905380382,4.782731329339097,1.1285742873141522,True
49,tiktok,0.8,0.838261040724114,-0.31823250510836587,1.9947545865565939,1.0313487373459043,True
50,facebook,2.0,2.154930032900222,1.9149874021087312,2.3948726636917126,1.0697965005250596,True
50,google,4.5,5.142248298193794,4.677312939177202,5.607183657210385,1.1577739435784653,False
50,tiktok,0.8,1.7878308347027319,0.5326020346950768,3.043059634710387,1.1020747226920096,True
51,facebook,2.0,1.862422264768459,1.6627193439149175,2.0621251856220004,1.043879564802079,True
51,google,4.5,3.9764758447062043,3.4316826203371877,4.52126906907522,1.1322307283384416,True
51,tiktok,0.8,2.3560651641659787,0.9998731911192911,3.7122571372126663,1.0374979431678875,False
52,facebook,2.0,1.8154590469318423,1.6029288458385869,2.0279892480250976,1.0660368475646462,True
52,google,4.5,4.704504123773326,4.086769300871788,5.322238946674863,1.1683439711284862,True
52,tiktok,0.8,1.2197115078108545,-0.06436537777914553,2.5037883934008542,1.064560583725127,True
53,facebook,2.0,1.987867426136181,1.6976562665661334,2.2780785857062287,1.0353104588590765,True
53,google,4.5,4.466423409229934,4.026908660326701,4.905938158133168,1.0813173985045466,True
53,tiktok,0.8,0.07541290086101249,-1.0231472619553612,1.1739730636773862,1.040837715288961,True
54,facebook,2.0,2.04776076730193,1.8905777671688766,2.2049437674349828,1.1059485856922584,True
54,google,4.5,4.44698425712555,4.08852537203819,4.805443142212909,1.1205690926792986,True
54,tiktok,0.8,1.759004435262669,0.7541412071067535,2.7638676634185844,1.0453711628281672,True
55,facebook,2.0,2.1233707266633033,1.9333840218650546,2.3133574314615517,1.1316656732522061,True
55,google,4.5,4.491134212945833,4.024784522192715,4.957483903698951,1.1272984708981586,True
55,tiktok,0.8,0.9354058032755308,-0.19220437483514652,2.063015981386208,1.1203218560084054,True
56,facebook,2.0,1.819899736585754,1.614565908692605,2.0252335644789032,1.0320326057887552,True
56,google,4.5,4.457760683770383,3.8147597394422452,5.100761628098521,1.0627861950601567,True
56,tiktok,0.8,0.4209766715083525,-1.2075856711069615,2.0495390141236665,1.0710405365227411,True
57,facebook,2.0,1.997372177199869,1.8304397002806025,2.1643046541191353,1.0395623303257224,True
57,google,4.5,4.414844648791497,3.801385615953895,5.0283036816291,1.090889266167276,True
57,tiktok,0.8,0.5056990836212591,-0.8034593198444027,1.814857487086921,1.0258194573022876,True
58,facebook,2.0,1.8704871012540178,1.662564257982315,2.078409944525721,1.089358415039494,True
58,google,4.5,4.082291206027082,3.42873575373628,4.735846658317884,1.1338017474462643,True
58,tiktok,0.8,1.4545311919458985,0.3205087605400361,2.588553623351761,1.0518867597908546,True
59,facebook,2.0,2.0365775800699764,1.82301605075136,2.2501391093885927,1.070554470422639,True
59,google,4.5,4.731044314471509,4.359306055341257,5.102782573601761,1.1168962621816128,True
59,tiktok,0.8,1.0085944832064815,-0.14769726028555485,2.164886226698518,1.0584323169095602,True
60,facebook,2.0,2.231622881838061,2.0666337832947907,2.3966119803813313,1.0877558625308152,False
60,google,4.5,4.413417920849291,3.932787869522928,4.894047972175654,1.1309781184330456,True
60,tiktok,0.8,0.5519021331224463,-0.6883619149880562,1.7921661812329488,1.0577217041065443,True
61,facebook,2.0,1.950432796775413,1.7378553348710901,2.1630102586797357,1.069410318810435,True
61,google,4.5,4.5068541205750865,3.795741115816882,5.217967125333291,1.0803999830665356,True
61,tiktok,0.8,0.06767130789319165,-1.4063350080749553,1.5416776238613386,1.0627476450594047,True
62,facebook,2.0,2.023674566001882,1.786662328192267,2.260686803811497,1.0435596106475038,True
62,google,4.5,4.5516973548597965,4.016799594728457,5.086595114991136,1.119668678578426,True
62,tiktok,0.8,0.5518294448534089,-0.8725707047800235,1.9762295944868413,1.1191582027512352,True
63,facebook,2.0,1.9948648470018082,1.8463126925690472,2.1434170014345693,1.0523210647555874,True
63,google,4.5,4.619451482841719,4.116739231271257,5.122163734412181,1.1673642745971213,True
63,tiktok,0.8,1.2141302088645842,0.10013284579825665,2.328127571930912,1.0836801549911332,True
64,facebook,2.0,2.0216374303204936,1.8273066054304006,2.2159682552105866,1.0451761349864552,True
64,google,4.5,4.647191578001204,4.05293929803971,5.241443857962698,1.113348132787939,True
64,tiktok,0.8,0.8518903373946856,-0.2872495188301174,1.9910301936194885,1.0541820137927174,True
65,facebook,2.0,2.0062375545304896,1.827202782291697,2.185272326769282,1.0412776875455723,True
65,google,4.5,4.703362426119231,4.225937465531143,5.180787386707319,1.1619460287720043,True
65,tiktok,0.8,-0.6209176190021752,-1.5556438590158592,0.31380862101150886,1.038535436220837,False
66,facebook,2.0,2.0464176031718746,1.9055515554727704,2.1872836508709788,1.0378323406636742,True
66,google,4.5,4.485429869463643,4.033959125083649,4.936900613843638,1.1777941569670412,True
66,tiktok,0.8,0.7677366603561442,-0.2820738402732601,1.8175471609855485,1.081045278117406,True
67,facebook,2.0,2.074747988971263,1.8694946969235904,2.2800012810189356,1.0422779379746934,True
67,google,4.5,4.7592977574670545,4.313659493578276,5.204936021355833,1.0779151722521922,True
67,tiktok,0.8,1.3115232690180085,0.43572720772572215,2.187319330310295,1.0431516789305977,True
68,facebook,2.0,1.8614663391467088,1.6295518903696673,2.0933807879237505,1.0658766536676512,True
68,google,4.5,4.851093460102615,4.374648855008939,5.327538065196292,1.1893727287112699,True
68,tiktok,0.8,0.5213669520566113,-0.6985688207831209,1.7413027248963435,1.0234085500618069,True
69,facebook,2.0,1.787634632620855,1.529959667509054,2.045309597732656,1.0501434448056843,True
69,google,4.5,3.7937087353431123,3.174071340761569,4.413346129924656,1.0642215922124325,False
69,tiktok,0.8,2.120054202233973,0.5558579099145489,3.684250494553397,1.0754108060174752,True
70,facebook,2.0,1.9269348763991119,1.603981864333434,2.24988788846479,1.0390449130552921,True
70,google,4.5,4.810230180350917,4.263171753236792,5.357288607465042,1.0737614104768531,True
70,tiktok,0.8,1.8804818272545427,0.8461812180104118,2.9147824364986734,1.0331969018934954,False
71,facebook,2.0,2.050584783523336,1.8639222948757888,2.2372472721708836,1.1209055433114194,True
71,google,4.5,4.229281636914151,3.8118404964464863,4.646722777381816,1.1795529817479846,True
71,tiktok,0.8,0.10680084484067676,-0.7476144320547555,0.961216121736109,1.0542231843657375,True
72,facebook,2.0,1.9875817536214933,1.8221873895335792,2.1529761177094073,1.0781297483632162,True
72,google,4.5,4.851151429398964,4.4533805599775125,5.248922298820416,1.145745588763808,True
72,tiktok,0.8,0.8394429677851301,-0.42329228743994785,2.102178223010208,1.0439173180078765,True
73,facebook,2.0,1.9252803004785184,1.768889646759436,2.081670954197601,1.0603747960834773,True
73,google,4.5,4.475694873604641,3.884548805346059,5.066840941863223,1.0653286206816193,True
73,tiktok,0.8,0.6581870102136893,-0.458931638116284,1.7753056585436626,1.0465051676717263,True
74,facebook,2.0,1.855142376039364,1.6427081795441174,2.0675765725346102,1.051658879484242,True
74,google,4.5,5.286302684403454,4.769283856412089,5.8033215123948185,1.119609588411341,False
74,tiktok,0.8,0.16213152738941838,-0.8316798483273373,1.155942903106174,1.0654645210231435,True
75,facebook,2.0,2.084539563078239,1.8373894219966875,2.3316897041597904,1.0356802416221527,True
75,google,4.5,4.683240798082908,4.284722234573248,5.081759361592567,1.100706222015958,True
75,tiktok,0.8,0.8994052549737326,-0.3564651296077237,2.155275639555189,1.0296396768317584,True
76,facebook,2.0,1.9252957250932081,1.6360805792820994,2.214510870904317,1.0896211337214539,True
76,google,4.5,4.54011975317188,4.046749604824634,5.033489901519126,1.1276037091128968,True
76,tiktok,0.8,0.49261217733321594,-0.7855813522090265,1.7708057068754584,1.096859790127465,True
77,facebook,2.0,1.86265004317494,1.667361510653652,2.057938575696228,1.0736357994318004,True
77,google,4.5,4.454445846488576,4.007454060883074,4.901437632094078,1.1103580435668836,True
77,tiktok,0.8,1.5252440755153165,0.43612925584805184,2.614358895182581,1.0633972990429887,True
78,facebook,2.0,1.9896774136812498,1.7920520156352349,2.187302811727265,1.028896284000941,True
78,google,4.5,4.747967731248249,4.390374139693365,5.1055613228031325,1.0641657222446557,True
78,tiktok,0.8,0.004358961162877151,-1.1516197380447195,1.1603376603704738,1.0452996325814057,True
79,facebook,2.0,1.9841979951656072,1.7965799110463605,2.171816079284854,1.0440626719798638,True
79,google,4.5,4.6149731838046755,4.106708412521708,5.123237955087643,1.161635304196935,True
79,tiktok,0.8,0.4455118918731653,-0.8143018864489535,1.7053256701952841,1.0651302517621375,True
80,facebook,2.0,1.84892427680071,1.6239465335982124,2.0739020200032074,1.0380762517453355,True
80,google,4.5,4.49206926676745,3.8439210288690884,5.140217504665811,1.0936398762371047,True
80,tiktok,0.8,0.8981654509461032,-0.19819452440172292,1.9945254262939294,1.0249230487662608,True
81,facebook,2.0,1.895736953058973,1.6009939540033828,2.190479952114563,1.0529407203000865,True
81,google,4.5,4.325324145491707,3.750610283647566,4.900038007335848,1.11886228318453,True
81,tiktok,0.8,0.3422098588138729,-0.8193885817603526,1.5038082993880983,1.0380253674529432,True
82,facebook,2.0,2.160046462736607,1.9324934142610872,2.387599511212127,1.045576879091289,True
82,google,4.5,4.819165357557029,4.244230322366833,5.394100392747226,1.1174600098398049,True
82,tiktok,0.8,0.5102861302147716,-0.6248421297388349,1.6454143901683782,1.042819889063113,True
83,facebook,2.0,1.9974507874673955,1.756160574273345,2.238741000661446,1.1109752286149788,True
83,google,4.5,4.994180827095223,4.418862080917234,5.5694995732732115,1.2005588057907817,True
83,tiktok,0.8,1.5228294340146462,0.09598785784849073,2.9496710101808015,1.0793433229688796,True
84,facebook,2.0,1.9902280666841816,1.7899616209187206,2.1904945124496424,1.0665086347332242,True
84,google,4.5,4.277481319832903,3.859043659588283,4.695918980077523,1.1385422136683334,True
84,tiktok,0.8,2.011229347811878,0.9357987098399008,3.0866599857838555,1.0537112143430531,False
85,facebook,2.0,2.020035764382476,1.7482587043460227,2.2918128244189293,1.0456908912631484,True
85,google,4.5,4.491437813017411,4.061404189497249,4.921471436537574,1.1051217574304315,True
85,tiktok,0.8,0.7349655222397651,-0.35455840478604284,1.824489449265573,1.0826616750760896,True
86,facebook,2.0,1.9518210860470855,1.7408766814363656,2.1627654906578053,1.0236959831471477,True
86,google,4.5,4.86942255075961,4.424483819822076,5.314361281697143,1.1205911860635058,True
86,tiktok,0.8,0.8032786312025673,-0.3826860277784043,1.9892432901835388,1.028076344758493,True
87,facebook,2.0,1.9320251403716022,1.73402151989006,2.1300287608531443,1.0901334545088301,True
87,google,4.5,4.324108165177249,3.864262550090425,4.783953780264072,1.0875610978692392,True
87,tiktok,0.8,0.3940156712539009,-0.928576917417758,1.7166082599255599,1.0840843713559611,True
88,facebook,2.0,1.8915131120839968,1.7218011423565187,2.061225081811475,1.0624884183039798,True
88,google,4.5,4.728000070387596,4.320270755034044,5.135729385741148,1.1658437656734,True
88,tiktok,0.8,0.47991958393777967,-0.7548560708779704,1.7146952387535297,1.0241784092244957,True
89,facebook,2.0,2.0829696018888972,1.8526909407746737,2.313248263003121,1.0587531181834269,True
89,google,4.5,4.239512424294714,3.682058969078589,4.79696587951084,1.1189054023257294,True
89,tiktok,0.8,0.7010628525614062,-0.5729926330262818,1.9751183381490942,1.0458153189953237,True
90,facebook,2.0,1.8812344643403163,1.7084196760011507,2.054049252679482,1.0819690887629112,True
90,google,4.5,4.440838359635848,3.8578942743231726,5.023782444948522,1.201521088974927,True
90,tiktok,0.8,0.5636069504011534,-0.5450243338173977,1.6722382346197044,1.0437912022749607,True
91,facebook,2.0,2.0017869899333736,1.8247220688108603,2.178851911055887,1.0665791471020736,True
91,google,4.5,5.206101723437103,4.784341595214414,5.627861851659793,1.0875412885897706,False
91,tiktok,0.8,2.2861986210321135,1.317915554908604,3.2544816871556232,1.051963577697274,False
92,facebook,2.0,1.9642229232062745,1.7461873110711483,2.1822585353414006,1.0400034173337878,True
92,google,4.5,4.427573684573735,4.021435505652367,4.833711863495103,1.0969469854000244,True
92,tiktok,0.8,0.1348708401437757,-1.231202289097464,1.5009439693850155,1.0255238939943396,True
93,facebook,2.0,1.9515040413885298,1.7295076247346801,2.1735004580423793,1.0632005206068285,True
93,google,4.5,4.677274013405061,4.0367404684768005,5.317807558333321,1.1478644540311795,True
93,tiktok,0.8,0.9886688077523318,-0.24228157977557974,2.2196191952802433,1.0183647521701693,True
94,facebook,2.0,1.9627815633831411,1.7565196133270629,2.1690435134392194,1.0823094922022924,True
94,google,4.5,4.691901718118242,4.271415240631141,5.112388195605343,1.0821389306841462,True
94,tiktok,0.8,0.5478625777006232,-0.45802216127750883,1.5537473166787552,1.0390674621254403,True
95,facebook,2.0,2.0317000228022426,1.8578366299452107,2.2055634156592747,1.0612964798568834,True
95,google,4.5,4.64755999548004,4.225707913005835,5.069412077954245,1.1021552225795934,True
95,tiktok,0.8,0.645905076576538,-0.3594770974669794,1.6512872506200553,1.042972798773955,True
96,facebook,2.0,1.720121396967867,1.469609635221007,1.970633158714727,1.036511369021426,False
96,google,4.5,4.432914742048136,4.048194493104305,4.817634990991968,1.091495200618944,True
96,tiktok,0.8,1.2649825252235392,0.24698091221517537,2.282984138231903,1.0382933145109288,True
97,facebook,2.0,2.170856314412659,1.9802501057684538,2.3614625230568644,1.0599050330988433,True
97,google,4.5,4.539990188274157,4.013141042976388,5.0668393335719255,1.1493567663647912,True
97,tiktok,0.8,0.3467196934278389,-1.0017547094576473,1.6951940963133252,1.0495049574384443,True
98,facebook,2.0,1.8395248275266578,1.6300252690315646,2.0490243860217507,1.0397489908825617,True
98,google,4.5,4.2588243228247045,3.732962535202335,4.784686110447074,1.1500946887020207,True
98,tiktok,0.8,0.6854612205361144,-0.32627747721767086,1.6971999182898996,1.06485828031936,True
99,facebook,2.0,1.838793672693397,1.6748896827025324,2.0026976626842616,1.0445105486912794,True
99,google,4.5,4.382801346171039,3.8775728161486267,4.8880298761934515,1.0792826606108765,True
99,tiktok,0.8,1.3104629889465365,0.060732276323433476,2.5601937015696397,1.042927539231646,True
100,facebook,2.0,2.063307011826744,1.8337882118128739,2.2928258118406144,1.0374364507535618,True
100,google,4.5,4.561423635211105,4.0137555699103995,5.10909170051181,1.1266267711524718,True
100,tiktok,0.8,1.6360407044229142,0.40637777122783647,2.865703637617992,1.0354579479608585,True
101,facebook,2.0,2.099878659838515,1.8729725621310218,2.3267847575460077,1.0597309213807038,True
101,google,4.5,4.5806574569171055,4.126634896683251,5.03468001715096,1.0863011125985143,True
101,tiktok,0.8,-0.045214562583935525,-1.149073702366498,1.058644577198627,1.1001108123630494,True
102,facebook,2.0,1.9681942880360814,1.7578806458952725,2.1785079301768904,1.1247541135964452,True
102,google,4.5,4.609279201096399,4.089375658336515,5.129182743856283,1.1037618999113472,True
102,tiktok,0.8,0.1844838593711544,-0.9789295855368179,1.3478973042791267,1.0805391819373074,True
103,facebook,2.0,2.125319231792013,1.9818109220196045,2.2688275415644212,1.0863216618292932,True
103,google,4.5,4.920662733220784,4.415453811128776,5.4258716553127915,1.1031774465462185,True
103,tiktok,0.8,1.0311488380615845,-0.16833831107176978,2.2306359871949386,1.0650653509480568,True
104,facebook,2.0,2.0389383885899575,1.8233449341325645,2.25453184304735,1.0424178584534405,True
104,google,4.5,4.45289396791349,3.844773195246882,5.061014740580099,1.0767572095848126,True
104,tiktok,0.8,1.7585252613782885,0.6185557516060929,2.8984947711504843,1.0587315201005847,True
105,facebook,2.0,2.0150523130791442,1.8048892367995995,2.2252153893586892,1.0682811772435192,True
105,google,4.5,4.4968773162826645,3.885641870283648,5.1081127622816815,1.1142954148635622,True
105,tiktok,0.8,-0.10849770646246348,-1.477933351964945,1.260937939040018,1.0589929486627545,True
106,facebook,2.0,1.886897196002134,1.607299203967666,2.1664951880366017,1.0370533776582318,True
106,google,4.5,5.02194954058304,4.604727730058871,5.439171351107209,1.1224078487140452,False
106,tiktok,0.8,1.8280907178077825,0.5274732177480237,3.1287082178675414,1.0486168418792672,True
107,facebook,2.0,1.8236346249639395,1.5703738184439893,2.0768954314838894,1.0812127953328228,True
107,google,4.5,4.307538462272786,3.8997645889484933,4.715312335597079,1.0907016593332102,True
107,tiktok,0.8,0.7326196183813138,-0.6729086580538317,2.138147894816459,1.0218506732223485,True
108,facebook,2.0,1.8621539428519047,1.6797756275759521,2.0445322581278575,1.0341112965117036,True
108,google,4.5,4.663643603298841,3.963471049989481,5.3638161566082,1.10571470819392,True
108,tiktok,0.8,0.6866353604150799,-0.4614786122008685,1.8347493330310283,1.0458950992380434,True
109,facebook,2.0,2.0298812150778307,1.732604324437199,2.3271581057184627,1.0531441166398423,True
109,google,4.5,4.767546091512649,4.258744332042793,5.276347850982505,1.1371258634047938,True
109,tiktok,0.8,0.7097727749674458,-0.4139904350300836,1.8335359849649753,1.0572428617616385,True
110,facebook,2.0,1.975443932205348,1.8130796369948565,2.1378082274158396,1.0521868643564671,True
110,google,4.5,4.403412170445511,3.80246720701788,5.0043571338731425,1.1508014167730607,True
110,tiktok,0.8,0.7176270380742733,-0.49354416098204124,1.9287982371305878,1.0352221926906167,True
111,facebook,2.0,2.0841856614688616,1.858566268968057,2.3098050539696664,1.0478432016926187,True
111,google,4.5,4.671903899891578,4.142997716372241,5.200810083410914,1.124479056141938,True
111,tiktok,0.8,1.2221238441122058,0.3881648493577723,2.0560828388666392,1.0593336716672637,True
112,facebook,2.0,2.051186488183804,1.8905729786414958,2.211799997726112,1.0543436992080424,True
112,google,4.5,4.634993636153136,4.139548069367915,5.130439202938357,1.1105009219395332,True
112,tiktok,0.8,0.7447764475766405,-0.5302946154170274,2.019847510570308,1.097348499454386,True
113,facebook,2.0,2.2936269958620192,2.099747904533716,2.4875060871903223,1.0412134005960527,False
113,google,4.5,4.399269116243206,3.850150266111944,4.948387966374467,1.166233813995875,True
113,tiktok,0.8,1.2803346835839928,0.2015640511675787,2.3591053160004067,1.0831350211845892,True
114,facebook,2.0,2.036179752998509,1.6963322896097643,2.3760272163872536,1.08189952856416,True
114,google,4.5,4.308461231316512,3.8254455630543327,4.791476899578692,1.1791359356357034,True
114,tiktok,0.8,0.8748126566435646,-0.16567166968222535,1.9152969829693545,1.0964589243526712,True
115,facebook,2.0,2.059720381626802,1.7576475701176029,2.3617931931360014,1.0221812235229037,True
115,google,4.5,5.110654415171583,4.5443604032670475,5.676948427076118,1.1356379144847855,False
115,tiktok,0.8,0.9414763250711387,-0.2548088121501404,2.137761462292418,1.0503409205393224,True
116,facebook,2.0,1.8954307122769731,1.7500545258219768,2.0408068987319696,1.0681587633112382,True
116,google,4.5,4.62590328695674,4.152612416219498,5.099194157693982,1.1316233458218423,True
116,tiktok,0.8,1.6984208371683343,0.8128320245775515,2.5840096497591167,1.0628877087695159,False
117,facebook,2.0,1.8266786928937044,1.6499085857647606,2.0034488000226482,1.058487861570934,True
117,google,4.5,4.658005604216704,4.063624103703041,5.252387104730368,1.1424679293952027,True
117,tiktok,0.8,1.1422908856171663,-0.004204787728882886,2.2887865589632153,1.0309985603211234,True
118,facebook,2.0,2.124107001565366,1.9396654318567585,2.3085485712739735,1.0995384909655193,True
118,google,4.5,4.647944234357667,4.215333993485254,5.08055447523008,1.1347295555999244,True
118,tiktok,0.8,1.8516749001658868,0.45207708729082396,3.2512727130409496,1.085394508847602,True
119,facebook,2.0,2.113753710670789,1.9378595105999104,2.2896479107416674,1.1014132123378166,True
119,google,4.5,4.891689362684399,4.3438461021996435,5.439532623169155,1.1995815787801414,True
119,tiktok,0.8,1.157771213524244,-0.05813256576427972,2.3736749928127674,1.024959854263434,True
120,facebook,2.0,1.8207396850789221,1.6377755752764216,2.0037037948814227,1.0629400759279208,True
120,google,4.5,4.595739257483606,4.151251924405528,5.040226590561684,1.113519676146714,True
120,tiktok,0.8,0.6051562962389294,-0.9990127943446363,2.209325386822495,1.0293907410758558,True
121,facebook,2.0,2.1040611726143057,1.9332732715889818,2.2748490736396296,1.038653209778854,True
121,google,4.5,4.687575636996692,4.22447063755992,5.150680636433464,1.0590567843835625,True
121,tiktok,0.8,0.7946899378770307,-0.015241403130120679,1.604621278884182,1.024884346238835,True
122,facebook,2.0,1.7909539086047856,1.5720283351065152,2.009879482103056,1.0581005829548198,True
122,google,4.5,4.392745220388698,4.0368897166841275,4.748600724093269,1.0952291622644543,True
122,tiktok,0.8,1.3628142344763496,0.3765664790051888,2.3490619899475105,1.081503537809799,True
123,facebook,2.0,1.9616160966692684,1.6158449392085923,2.3073872541299445,1.0542048752821445,True
123,google,4.5,4.9306584259807495,4.516118699670418,5.345198152291081,1.1269961404509177,False
123,tiktok,0.8,2.0857192736897443,0.7801680931633799,3.3912704542161087,1.0467274145066228,True
124,facebook,2.0,2.0932329027167436,1.872166763882682,2.314299041550805,1.066919376176043,True
124,google,4.5,4.256888750113385,3.9012479171334817,4.612529583093288,1.0933475768345304,True
124,tiktok,0.8,0.6007699157368473,-0.3097430117366432,1.511282843210338,1.059029594921337,True
125,facebook,2.0,2.0468951728292595,1.8762922669224198,2.217498078736099,1.066584328472542,True
125,google,4.5,4.560633025201255,3.884389871117064,5.236876179285446,1.1696940317970461,True
125,tiktok,0.8,0.7519108217222423,-0.6038367282756059,2.1076583717200905,1.033792379499161,True
126,facebook,2.0,1.9776227566549838,1.7373063318414501,2.2179391814685174,1.085321378095482,True
126,google,4.5,4.7453357728315275,4.250722029477137,5.239949516185918,1.1196569476849019,True
126,tiktok,0.8,0.3546135593669051,-0.9016797742264271,1.6109068929602373,1.0307959981040795,True
127,facebook,2.0,1.9572446803933272,1.7662506863933274,2.148238674393327,1.063825629782103,True
127,google,4.5,4.715860208633186,4.234251952640993,5.197468464625378,1.074757566678315,True
127,tiktok,0.8,0.9741349167796836,-0.061687880508620285,2.0099577140679874,1.0352993936149695,True
128,facebook,2.0,2.1995128173245564,1.9279273933116299,2.471098241337483,1.080023157481171,True
128,google,4.5,4.2590584375336915,3.879198179015739,4.638918696051644,1.2007889421378894,True
128,tiktok,0.8,1.0397223218673073,-0.08448041424170505,2.1639250579763196,1.0655150098381414,True
129,facebook,2.0,1.9181303192107833,1.742959845979433,2.0933007924421334,1.0498607720770667,True
129,google,4.5,4.934784338348331,4.5511489410761445,5.318419735620518,1.117080281192218,False
129,tiktok,0.8,1.541468385339068,0.37325901696089736,2.709677753717239,1.0515093010645153,True
130,facebook,2.0,1.8997811002084812,1.6499740828509901,2.149588117565972,1.0210538380884366,True
130,google,4.5,4.687865443256163,4.27186574039236,5.103865146119966,1.0373113992303091,True
130,tiktok,0.8,0.2877224598843453,-0.9006999324234601,1.4761448521921507,1.0395896539426877,True
131,facebook,2.0,2.03829114020139,1.8208348314890062,2.255747448913774,1.0627510395743829,True
131,google,4.5,4.536166751078672,3.9653145347861845,5.107018967371159,1.173763816052673,True
131,tiktok,0.8,1.0412362987648986,-0.3861689755338593,2.468641573063657,1.0679946201937949,True
132,facebook,2.0,2.0061641300884614,1.8028585751219068,2.2094696850550157,1.11584817534378,True
132,google,4.5,4.718617141585671,4.242283935972934,5.194950347198408,1.0966860183249654,True
132,tiktok,0.8,1.4508698893786356,0.2642046089978203,2.6375351697594507,1.0878134333178062,True
133,facebook,2.0,1.9868267522401046,1.8402006496138064,2.1334528548664027,1.036879940253536,True
133,google,4.5,4.772258970571567,4.3710774793642475,5.1734404617788865,1.1191162974165652,True
133,tiktok,0.8,0.6424944055675628,-0.7301764593644904,2.015165270499616,1.0388347901761759,True
134,facebook,2.0,1.8814298907828562,1.6998541300559498,2.0630056515097626,1.0125957519920465,True
134,google,4.5,4.630731081261523,4.181673604035911,5.0797885584871345,1.1175749393848955,True
134,tiktok,0.8,0.7880440435551659,-0.30195194527331304,1.8780400323836448,1.0301456716957333,True
135,facebook,2.0,2.177198556313515,1.9793033981129935,2.3750937145140365,1.038737111651893,True
135,google,4.5,4.76011692863799,4.201397533268528,5.318836324007451,1.0631317526830033,True
135,tiktok,0.8,0.25335079535870086,-0.9193402748538086,1.4260418655712104,1.0366073216755343,True
136,facebook,2.0,2.0491470591070207,1.8508494278089413,2.2474446904051,1.077313547885854,True
136,google,4.5,4.574744132303875,4.200195278881986,4.949292985725765,1.1660143682500157,True
136,tiktok,0.8,-0.36801482911336225,-1.4520533384172707,0.7160236801905462,1.0655035189925468,False
137,facebook,2.0,1.9576163911485585,1.8071099988117583,2.1081227834853586,1.085859288810894,True
137,google,4.5,4.773622299775181,4.272876969001195,5.274367630549167,1.0929246489907798,True
137,tiktok,0.8,2.368564545662294,1.30886472848323,3.4282643628413583,1.0736905622099724,False
138,facebook,2.0,2.1603248707773814,1.954750302805671,2.365899438749092,1.0588328713993782,True
138,google,4.5,5.0670240830299065,4.6063698502771,5.527678315782713,1.190400568628215,False
138,tiktok,0.8,0.31672118208551625,-0.9643360899469497,1.5977784541179822,1.1077976918577639,True
139,facebook,2.0,2.0661680676590604,1.8297092520170886,2.3026268833010324,1.0403299211985693,True
139,google,4.5,4.511384305865054,3.928303092234224,5.094465519495883,1.092142835641977,True
139,tiktok,0.8,0.8276397248096599,-0.5322345038244494,2.1875139534437693,1.0299847119036827,True
140,facebook,2.0,1.9504051475832995,1.814276871164897,2.086533424001702,1.0585689731537824,True
140,google,4.5,4.702875831325497,4.2209758533897705,5.1847758092612235,1.127197756917701,True
140,tiktok,0.8,0.9791168926050327,-0.13889578265500746,2.097129567865073,1.0667048219043231,True
141,facebook,2.0,1.8524444666533944,1.611993605785385,2.0928953275214037,1.0445254309197127,True
141,google,4.5,4.348085073053457,3.7500469178397866,4.946123228267127,1.0840240059064783,True
141,tiktok,0.8,0.5625708444924786,-0.776692893826469,1.9018345828114263,1.054191321936083,True
142,facebook,2.0,1.7495989674267398,1.4206452462754198,2.07855268857806,1.064812961222968,True
142,google,4.5,5.1184766759154225,4.692075215551492,5.544878136279353,1.1501522108649807,False
142,tiktok,0.8,0.016633613155945248,-1.249987989913877,1.2832552162257675,1.0671552777753488,True
143,facebook,2.0,2.010080556632162,1.822634368593819,2.197526744670505,1.1145589354478298,True
143,google,4.5,4.247787324737144,3.7171949185348927,4.7783797309393945,1.1191748978392133,True
143,tiktok,0.8,1.499939809437926,-0.007024349525204476,3.0069039684010566,1.1478745464866624,True
144,facebook,2.0,1.9867659468533898,1.7585015180052719,2.2150303757015077,1.0970564868028374,True
144,google,4.5,5.08129474471112,4.513099963769142,5.649489525653098,1.1909491806072972,False
144,tiktok,0.8,0.740682666122563,-0.7553779721585274,2.236743304403653,1.1068495744802744,True
145,facebook,2.0,1.8114011435129667,1.5430744010178166,2.0797278860081168,1.088559907479506,True
145,google,4.5,4.541372349846543,4.023011695039301,5.0597330046537845,1.213876975990495,True
145,tiktok,0.8,1.5655520975675845,0.4180086611400846,2.7130955339950846,1.0545839080972932,True
146,facebook,2.0,2.247014605223222,1.9883226741603495,2.505706536286094,1.0819080356674446,True
146,google,4.5,5.018494820768255,4.543189855007721,5.493799786528788,1.136076284235187,False
146,tiktok,0.8,-0.32024903391672943,-1.4564043245889533,0.8159062567554944,1.137942140930166,True
147,facebook,2.0,1.8145563011837225,1.5674326977676574,2.061679904599788,1.035362345321909,True
147,google,4.5,4.5294174054844145,3.9492117208175785,5.10962309015125,1.1114445545394829,True
147,tiktok,0.8,2.0504224576758245,0.7690082868661925,3.3318366284854566,1.0832397551211124,True
148,facebook,2.0,1.8827403593743037,1.6878259998486633,2.0776547188999444,1.0973177087167494,True
148,google,4.5,4.539472098332456,4.068723132083815,5.0102210645810965,1.192897657061331,True
148,tiktok,0.8,0.48792750608098157,-0.6082181526469146,1.5840731648088777,1.0341425741138448,True
149,facebook,2.0,1.8956893579730152,1.7237604493647827,2.0676182665812477,1.0710627264940569,True
149,google,4.5,4.361111555240126,3.8984067702712455,4.823816340209007,1.0824005250990079,True
149,tiktok,0.8,1.0331182010197697,0.14752229047701282,1.9187141115625266,1.0553040225905697,True
150,facebook,2.0,1.9356753148326273,1.6875028209536755,2.183847808711579,1.0357426619930243,True
150,google,4.5,4.5171882366472405,3.9976364351040328,5.036740038190448,1.1235165317854607,True
150,tiktok,0.8,0.2545426334611225,-1.0273826892195252,1.5364679561417702,1.1181705937030963,True
151,facebook,2.0,1.9846800065059353,1.7890736624798305,2.18028635053204,1.046896563627194,True
151,google,4.5,4.602182633972058,4.154284164802048,5.050081103142068,1.0665942305907261,True
151,tiktok,0.8,0.8017383313349651,-0.39262266011151303,1.9960993227814432,1.163750245380458,True
152,facebook,2.0,2.0102195828664775,1.809999476817987,2.2104396889149682,1.0740814725140115,True
152,google,4.5,4.919226864967936,4.454171918107231,5.38428181182864,1.1253323629046472,True
152,tiktok,0.8,0.6039050701247195,-0.6052811797640711,1.8130913200135101,1.0497997869939943,True
153,facebook,2.0,1.9443214823592183,1.7572447332699532,2.1313982314484834,1.0284732158153405,True
153,google,4.5,4.9923557640314735,4.541702603464992,5.443008924597955,1.1985924614736692,False
153,tiktok,0.8,1.1345052553967854,0.25212673797252605,2.0168837728210445,1.0336316580211289,True
154,facebook,2.0,2.051652633179077,1.8133059083868774,2.2899993579712765,1.0532917123916996,True
154,google,4.5,4.68704817931296,4.241562291604098,5.132534067021822,1.0642949550644571,True
154,tiktok,0.8,0.7086798535016907,-0.16329478856262414,1.5806544955660056,1.0872944224256584,True
155,facebook,2.0,1.9248500184655135,1.6718487699710625,2.177851266959965,1.0302984505256165,True
155,google,4.5,5.057042364147689,4.642735659661658,5.47134906863372,1.099498380630163,False
155,tiktok,0.8,1.0619502036119641,-0.18992768993166664,2.3138280971555947,1.0375951348805879,True
156,facebook,2.0,1.9798545674209227,1.8187045418294032,2.1410045930124424,1.0564796806305103,True
156,google,4.5,4.640300064614635,4.2281191476537,5.05248098157557,1.0884395945027632,True
156,tiktok,0.8,0.03531409198978763,-1.0053427592922968,1.075970943271872,1.0125135402380365,True
157,facebook,2.0,2.026791213930459,1.8388565462212505,2.214725881639667,1.1180399449751515,True
157,google,4.5,4.659428063937943,4.173216295396357,5.145639832479529,1.1188299531680865,True
157,tiktok,0.8,1.5408696592155877,0.3384359164444908,2.743303401986685,1.1104515075004477,True
158,facebook,2.0,2.082876738972443,1.91026405284715,2.255489425097736,1.0660841974806057,True
158,google,4.5,4.453274510180665,3.940958831484776,4.965590188876554,1.1706640837820441,True
158,tiktok,0.8,0.4905909411873566,-0.4929506730765897,1.4741325554513027,1.0225962819751837,True
159,facebook,2.0,1.7209488065562832,1.4403733116371407,2.001524301475426,1.1522381154714243,True
159,google,4.5,4.667119545103653,4.184408299576424,5.149830790630883,1.1290267489950876,True
159,tiktok,0.8,1.3475417917031542,0.19971663193679512,2.4953669514695136,1.181589037592849,True
160,facebook,2.0,1.9488003597266328,1.6982674720237898,2.199333247429476,1.0809704572623535,True
160,google,4.5,4.812729653644789,4.2455465440022575,5.3799127632873205,1.121676079716815,True
160,tiktok,0.8,1.956390827994276,0.48773449524468404,3.425047160743868,1.0800208796488744,True
161,facebook,2.0,2.19050381517833,1.981228709758376,2.3997789205982833,1.0657087438056556,True
161,google,4.5,4.681399580749432,3.997687893685153,5.365111267813711,1.0923788416019593,True
161,tiktok,0.8,0.7069304138803147,-0.43764824894651055,1.85150907670714,1.0632645849018696,True
162,facebook,2.0,1.8460033907165259,1.5755052350308736,2.116501546402178,1.0265124187738646,True
162,google,4.5,4.574821872654328,4.021632030229789,5.128011715078868,1.2042955391765877,True
162,tiktok,0.8,-0.15018429496177998,-1.2812592486948664,0.9808906587713064,1.0179690264786199,True
163,facebook,2.0,1.9832459623352074,1.7781734926621622,2.188318432008253,1.0422543481133475,True
163,google,4.5,5.012136125868443,4.5794878527318605,5.444784399005025,1.2951799966080428,False
163,tiktok,0.8,2.030151814995513,1.2243092624981942,2.8359943674928316,1.077511125534138,False
164,facebook,2.0,2.065080716672112,1.831999941666013,2.2981614916782105,1.0626615948903428,True
164,google,4.5,4.728115980305084,4.125126764740827,5.331105195869341,1.0865633137815525,True
164,tiktok,0.8,0.5332279894941188,-0.7469404640279091,1.8133964430161467,1.0671630028773347,True
165,facebook,2.0,1.8621229361031562,1.5611233008153802,2.1631225713909323,1.0805688838204703,True
165,google,4.5,4.476247558227824,4.007930555161924,4.944564561293723,1.133867810041254,True
165,tiktok,0.8,1.0660000805029846,-0.09750629859058657,2.2295064595965557,1.0467341904831382,True
166,facebook,2.0,2.0384798407485403,1.8104073257351894,2.2665523557618914,1.0423505780475866,True
166,google,4.5,4.8564781983115335,4.399010335874843,5.313946060748224,1.1495648979641913,True
166,tiktok,0.8,1.1408760392367174,-0.23224017207029535,2.51399225054373,1.0341845307349282,True
167,facebook,2.0,1.924580906307721,1.7324526792798933,2.116709133335549,1.050965355589423,True
167,google,4.5,4.575418141976683,4.078576360739318,5.072259923214047,1.1645030350224297,True
167,tiktok,0.8,0.9749646813888102,-0.24719675295015753,2.197126115727778,1.0354189823232236,True
168,facebook,2.0,1.9472058136509705,1.6943318363764117,2.200079790925529,1.0461993204882383,True
168,google,4.5,4.063722004208965,3.495274934906805,4.6321690735111245,1.1421076976518911,True
168,tiktok,0.8,1.841527475736421,0.9923634361115864,2.6906915153612556,1.022648398979362,False
169,facebook,2.0,2.034187705476964,1.8105070882758005,2.257868322678128,1.0221763768562677,True
169,google,4.5,4.621229150407623,4.1247632600275566,5.117695040787689,1.2166936074260397,True
169,tiktok,0.8,2.1721857963533395,0.9557012735907355,3.3886703191159437,1.0454263491047495,False
170,facebook,2.0,1.855381536351549,1.5769053248302909,2.133857747872807,1.0644793899140679,True
170,google,4.5,4.143055825193035,3.5328397511305694,4.753271899255501,1.1829475351240881,True
170,tiktok,0.8,0.3380419376415751,-0.8298173175672057,1.5059011928503558,1.1295425509318753,True
171,facebook,2.0,2.1600473640654485,1.9345385278283536,2.3855562003025432,1.0668485665488785,True
171,google,4.5,4.69201750064507,4.198982899205649,5.185052102084492,1.1172513202276073,True
171,tiktok,0.8,2.275394457912485,1.017542102552297,3.5332468132726733,1.0515772636821694,False
172,facebook,2.0,1.6578771898403626,1.4410915964920812,1.874662783188644,1.039868894611639,False
172,google,4.5,4.643053671429948,4.260248303330447,5.02585903952945,1.039512352857819,True
172,tiktok,0.8,1.0059664724511386,-0.13102252920707946,2.142955474109357,1.085413606788528,True
173,facebook,2.0,1.8217144130773795,1.4444109651074661,2.1990178610472926,1.0487381730291767,True
173,google,4.5,4.949958682505835,4.429227774698203,5.470689590313466,1.1053649456095191,True
173,tiktok,0.8,0.6596381589729692,-0.7068948108279123,2.026171128773851,1.0376661168886943,True
174,facebook,2.0,1.8928345842277794,1.585300095634636,2.200369072820923,1.0391061213372152,True
174,google,4.5,4.407429224959408,3.8728648341652137,4.941993615753603,1.1264917932056397,True
174,tiktok,0.8,0.07570592754116667,-1.1175615648981838,1.2689734199805172,1.0248817918170845,True
175,facebook,2.0,1.9642232485636058,1.819634485192235,2.1088120119349765,1.0380584604471335,True
175,google,4.5,4.221890654946511,3.782683833606469,4.661097476286554,1.1284823785173088,True
175,tiktok,0.8,1.4581592800012793,0.3866011865895762,2.529717373412982,1.027255290796986,True
176,facebook,2.0,1.8777576965710194,1.6175957622224035,2.1379196309196353,1.0378994117891893,True
176,google,4.5,4.5622302676829465,4.149603757550181,4.974856777815712,1.1208048769683236,True
176,tiktok,0.8,0.6053421836431161,-0.4598991121961582,1.6705834794823904,1.0374115763354717,True
177,facebook,2.0,2.129393638060746,1.96548437818109,2.2933028979404018,1.0922396330652906,True
177,google,4.5,4.203286921529456,3.73400417552618,4.6725696675327315,1.2441465607051194,True
177,tiktok,0.8,1.1289406783055296,0.13028894297193738,2.127592413639122,1.0303079187821944,True
178,facebook,2.0,1.9567504191825833,1.7976448084104628,2.1158560299547036,1.0659626549585057,True
178,google,4.5,4.626931041398686,4.130924170255245,5.1229379125421275,1.1038246019627145,True
178,tiktok,0.8,1.457446507801592,0.2375229686616691,2.6773700469415145,1.1004230117136706,True
179,facebook,2.0,2.0736919625513486,1.8275638263326346,2.3198200987700623,1.0637249137665852,True
179,google,4.5,4.576789953578496,3.9835178055295035,5.170062101627488,1.1281169882364332,True
179,tiktok,0.8,0.6106137794239714,-0.8458273859660947,2.0670549448140374,1.0829505631850342,True
180,facebook,2.0,1.9241787989001646,1.6467675365371768,2.2015900612631523,1.0285164428724498,True
180,google,4.5,4.132073382996479,3.6332549764815547,4.630891789511403,1.0735669867680429,True
180,tiktok,0.8,1.9527966180706176,0.8565395043976893,3.0490537317435455,1.0201801281242202,False
181,facebook,2.0,2.0974651010166236,1.8761426266608678,2.3187875753723795,1.0565176293418581,True
181,google,4.5,4.947795362985007,4.410161881563748,5.4854288444062655,1.186498159874396,True
181,tiktok,0.8,1.4652226955766885,0.5649967141989508,2.365448676954426,1.1119243697723016,True
182,facebook,2.0,2.0238733785833602,1.7859207568957016,2.261826000271019,1.021704485078789,True
182,google,4.5,4.152488292143109,3.67483071392244,4.630145870363777,1.092490898275708,True
182,tiktok,0.8,1.1429323934397644,-0.18555141544084086,2.47141620232037,1.0661626952222145,True
183,facebook,2.0,2.0978498410515796,1.9114358742508195,2.28426380785234,1.0965324549252036,True
183,google,4.5,4.513603817919058,3.8254863988040393,5.201721237034076,1.1197897714399625,True
183,tiktok,0.8,1.3095936759041287,0.33268108428530785,2.2865062675229497,1.069892873789736,True
184,facebook,2.0,2.0860372483365017,1.8689915372565917,2.303082959416412,1.0265265437717759,True
184,google,4.5,4.3594447503769285,3.812288532882977,4.9066009678708795,1.1251667252415847,True
184,tiktok,0.8,0.6155416482731351,-0.3982325394649111,1.6293158360111812,1.06408637906656,True
185,facebook,2.0,1.938011634107796,1.6863868382278957,2.1896364299876963,1.0549159584578591,True
185,google,4.5,4.539310397168752,4.048604270933476,5.0300165234040275,1.1598399942052795,True
185,tiktok,0.8,1.2866250832851251,-0.1880766034860284,2.7613267700562787,1.0711499707328096,True
186,facebook,2.0,1.9467035488217839,1.773073837802742,2.1203332598408258,1.0759951912273988,True
186,google,4.5,4.67676439689365,4.004440869118129,5.3490879246691705,1.1752635243530885,True
186,tiktok,0.8,0.34430638010642767,-0.7028293659591403,1.3914421261719956,1.069197568868925,True
187,facebook,2.0,2.0629094397847343,1.8249678578956632,2.3008510216738056,1.073745391291032,True
187,google,4.5,4.554385076659354,4.095987760073303,5.012782393245406,1.1384432158160034,True
187,tiktok,0.8,1.945196777894286,0.7637503981159448,3.1266431576726275,1.0445440420972967,True
188,facebook,2.0,2.0346137609872286,1.8619829202192055,2.2072446017552516,1.0593521675124817,True
188,google,4.5,4.936972673268593,4.391831511639855,5.482113834897331,1.1056279221554024,True
188,tiktok,0.8,0.8402740628007379,-0.5944239846961348,2.2749721102976106,1.0562431506119248,True
189,facebook,2.0,2.050519092500094,1.802322826060274,2.2987153589399134,1.0714099773326555,True
189,google,4.5,4.424269755172998,3.979449954846619,4.869089555499377,1.1138338868638251,True
189,tiktok,0.8,0.3624371492820049,-0.9869720194261156,1.7118463179901253,1.0639879067813995,True
190,facebook,2.0,1.732190950857262,1.470278710974233,1.9941031907402909,1.04917804800539,False
190,google,4.5,4.1845340434005465,3.5940713177778214,4.7749967690232715,1.0907030485075018,True
190,tiktok,0.8,1.138123238091243,0.006588410778011644,2.2696580654044745,1.063124794904896,True
191,facebook,2.0,1.8825771507560332,1.6182942419982913,2.146860059513775,1.0559522277354134,True
191,google,4.5,4.750258185709403,4.143191406589734,5.357324964829072,1.1061729887362195,True
191,tiktok,0.8,0.46539862970900003,-0.8628816859259445,1.7936789453439446,1.0447597457161764,True
192,facebook,2.0,1.9421200044807732,1.7732387496329476,2.111001259328599,1.073828321265614,True
192,google,4.5,4.688242123299438,4.382727036158186,4.99375721044069,1.1577368237829233,True
192,tiktok,0.8,1.2279724596031443,0.1198354338508325,2.336109485355456,1.0475010081473055,True
193,facebook,2.0,1.8474361254391978,1.658873859156114,2.0359983917222815,1.0495751363711017,True
193,google,4.5,5.091723699552065,4.633226005113649,5.550221393990482,1.1295265861535217,False
193,tiktok,0.8,1.1632377396139493,-0.007914433872073134,2.3343899130999715,1.054983383174035,True
194,facebook,2.0,1.9871418343818834,1.7255711343841822,2.2487125343795844,1.0538821112690717,True
194,google,4.5,4.708497049446536,4.273315360439317,5.1436787384537555,1.0861134929321699,True
194,tiktok,0.8,1.2910110081988488,0.008396291211935747,2.573625725185762,1.0483512712179395,True
195,facebook,2.0,1.8509418486860274,1.6334594536445937,2.068424243727461,1.0510969654607663,True
195,google,4.5,4.459073339411811,3.856994841481509,5.061151837342112,1.1406040269060733,True
195,tiktok,0.8,-0.42450660802929363,-1.515306882572269,0.6662936665136818,1.0617236553385154,False
196,facebook,2.0,2.0691078105484655,1.8762989912604378,2.2619166298364934,1.0453078088098862,True
196,google,4.5,4.561744719049716,4.191611669738189,4.931877768361242,1.0396646581882563,True
196,tiktok,0.8,1.4578859356927243,0.7078649329468196,2.207906938438629,1.0225827299361052,True
197,facebook,2.0,1.925586363218627,1.7644874527292251,2.086685273708029,1.0507034123675862,True
197,google,4.5,4.742065949536164,4.247014873798954,5.237117025273373,1.1101714701953858,True
197,tiktok,0.8,0.6403264424805859,-0.5464229747124012,1.827075859673573,1.0605902976683559,True
198,facebook,2.0,2.0303825873648154,1.9012150072782907,2.15955016745134,1.0764428572167883,True
198,google,4.5,4.518607355029496,4.135157753063513,4.902056956995478,1.1760290365635377,True
198,tiktok,0.8,0.9154019613413995,-0.17670250020031975,2.007506422883119,1.0339661466458023,True
199,facebook,2.0,1.9390182249597483,1.6855229511648315,2.192513498754665,1.0242140424778672,True
199,google,4.5,4.3435551312190235,3.8116345281105435,4.8754757343275035,1.085484430961701,True
199,tiktok,0.8,0.6267437155997806,-0.5967977229787078,1.850285154178269,1.0664970484580374,True
